21911,175,26,F,scientist,1991,RISING SUN,MD,STANDARD
80521,66,23,M,student,1994,FORT COLLINS,CO,STANDARD
12550,48,45,M,administrator,1972,NEWBURGH,NY,STANDARD
48043,636,47,M,educator,1970,MOUNT CLEMENS,MI,STANDARD
91505,896,28,M,writer,1989,BURBANK,CA,STANDARD
98405,732,28,F,other,1989,TACOMA,WA,STANDARD
10960,204,52,F,librarian,1965,NYACK,NY,STANDARD
10960,766,42,M,other,1975,NYACK,NY,STANDARD
14211,760,35,F,other,1982,BUFFALO,NY,STANDARD
62903,764,27,F,educator,1990,CARBONDALE,IL,STANDARD
48103,151,38,F,administrator,1979,ANN ARBOR,MI,STANDARD
48103,417,27,F,other,1990,ANN ARBOR,MI,STANDARD
48103,579,32,M,educator,1985,ANN ARBOR,MI,STANDARD
55422,424,36,F,marketing,1981,MINNEAPOLIS,MN,STANDARD
55422,565,40,M,student,1977,MINNEAPOLIS,MN,STANDARD
78155,90,60,M,educator,1957,SEGUIN,TX,STANDARD
95032,113,47,M,executive,1970,LOS GATOS,CA,STANDARD
60152,817,19,M,student,1998,MARENGO,IL,STANDARD
85032,251,28,M,doctor,1989,PHOENIX,AZ,STANDARD
92507,867,24,M,scientist,1993,RIVERSIDE,CA,STANDARD
00000,186,39,F,executive,1978,,,
00000,767,70,M,engineer,1947,,,
15017,824,31,M,other,1986,BRIDGEVILLE,PA,STANDARD
38866,631,18,F,student,1999,SALTILLO,MS,STANDARD
11217,155,32,F,other,1985,BROOKLYN,NY,STANDARD
11217,557,30,F,writer,1987,BROOKLYN,NY,STANDARD
11217,806,27,M,marketing,1990,BROOKLYN,NY,STANDARD
11758,450,35,F,educator,1982,MASSAPEQUA,NY,STANDARD
20902,876,41,M,other,1976,SILVER SPRING,MD,STANDARD
44074,361,22,M,student,1995,OBERLIN,OH,STANDARD
55104,161,50,M,lawyer,1967,SAINT PAUL,MN,STANDARD
55104,528,18,M,student,1999,SAINT PAUL,MN,STANDARD
55104,757,26,M,student,1991,SAINT PAUL,MN,STANDARD
60187,623,50,F,educator,1967,WHEATON,IL,STANDARD
94612,132,24,M,other,1993,OAKLAND,CA,STANDARD
02143,147,40,F,librarian,1977,SOMERVILLE,MA,STANDARD
44691,411,34,M,educator,1983,WOOSTER,OH,STANDARD
53115,206,14,F,student,2003,DELAVAN,WI,STANDARD
55128,682,23,M,programmer,1994,SAINT PAUL,MN,STANDARD
66315,54,22,M,executive,1995,,,
01940,638,45,M,engineer,1972,LYNNFIELD,MA,STANDARD
05001,465,32,M,other,1985,WHITE RIVER JUNCTION,VT,STANDARD
05779,788,51,M,administrator,1966,,,
77008,611,46,M,librarian,1971,HOUSTON,TX,STANDARD
53144,822,29,F,librarian,1988,KENOSHA,WI,STANDARD
60201,202,41,F,educator,1976,EVANSTON,IL,STANDARD
60201,243,33,M,educator,1984,EVANSTON,IL,STANDARD
60201,446,57,M,educator,1960,EVANSTON,IL,STANDARD
76309,700,17,M,student,2000,WICHITA FALLS,TX,STANDARD
03755,79,39,F,administrator,1978,HANOVER,NH,STANDARD
30067,170,53,F,healthcare,1964,MARIETTA,GA,STANDARD
30067,624,19,M,student,1998,MARIETTA,GA,STANDARD
39762,649,20,M,student,1997,MISSISSIPPI STATE,MS,PO BOX
94025,410,30,F,artist,1987,MENLO PARK,CA,STANDARD
03869,506,46,M,programmer,1971,ROLLINSFORD,NH,STANDARD
08043,314,20,F,student,1997,VOORHEES,NJ,STANDARD
18015,377,22,M,student,1995,BETHLEHEM,PA,STANDARD
27105,772,50,M,writer,1967,WINSTON SALEM,NC,STANDARD
94043,2,53,F,other,1964,MOUNTAIN VIEW,CA,STANDARD
94043,29,41,M,programmer,1976,MOUNTAIN VIEW,CA,STANDARD
94043,105,24,M,engineer,1993,MOUNTAIN VIEW,CA,STANDARD
08034,627,24,M,engineer,1993,CHERRY HILL,NJ,STANDARD
14476,230,28,F,student,1989,KENDALL,NY,STANDARD
28806,815,32,M,other,1985,ASHEVILLE,NC,STANDARD
29631,583,44,M,engineer,1973,CLEMSON,SC,STANDARD
33556,931,60,M,educator,1957,ODESSA,FL,STANDARD
55346,159,23,F,student,1994,EDEN PRAIRIE,MN,STANDARD
55346,263,41,M,programmer,1976,EDEN PRAIRIE,MN,STANDARD
78750,171,48,F,educator,1969,AUSTIN,TX,STANDARD
92688,356,32,F,homemaker,1985,RANCHO SANTA MARGARITA,CA,STANDARD
20057,282,22,M,administrator,1995,WASHINGTON,DC,UNIQUE
43512,224,31,F,educator,1986,DEFIANCE,OH,STANDARD
55420,789,29,M,other,1988,MINNEAPOLIS,MN,STANDARD
55428,927,23,M,programmer,1994,MINNEAPOLIS,MN,STANDARD
92103,226,28,M,student,1989,SAN DIEGO,CA,STANDARD
95129,402,30,M,engineer,1987,SAN JOSE,CA,STANDARD
97365,136,51,M,other,1966,NEWPORT,OR,STANDARD
19341,663,26,M,other,1991,EXTON,PA,STANDARD
27502,222,29,M,programmer,1988,APEX,NC,STANDARD
71457,94,26,M,student,1991,NATCHITOCHES,LA,STANDARD
80227,614,54,M,educator,1963,DENVER,CO,STANDARD
17604,199,30,M,writer,1987,LANCASTER,PA,PO BOX
17870,42,30,M,administrator,1987,SELINSGROVE,PA,STANDARD
77504,877,30,M,other,1987,PASADENA,TX,STANDARD
90254,100,36,M,executive,1981,HERMOSA BEACH,CA,STANDARD
16509,51,28,M,educator,1989,ERIE,PA,STANDARD
19382,508,27,M,marketing,1990,WEST CHESTER,PA,STANDARD
78739,654,27,F,student,1990,AUSTIN,TX,STANDARD
07102,47,53,M,marketing,1964,NEWARK,NJ,STANDARD
30040,61,36,M,engineer,1981,CUMMING,GA,STANDARD
40515,853,49,M,writer,1968,LEXINGTON,KY,STANDARD
43212,219,32,M,programmer,1985,COLUMBUS,OH,STANDARD
43212,483,29,M,scientist,1988,COLUMBUS,OH,STANDARD
73162,739,35,M,technician,1982,OKLAHOMA CITY,OK,STANDARD
30803,809,50,F,marketing,1967,AVERA,GA,STANDARD
02159,524,56,M,educator,1961,,,
02324,533,43,M,librarian,1974,BRIDGEWATER,MA,STANDARD
26241,513,43,M,administrator,1974,ELKINS,WV,STANDARD
45660,348,24,F,student,1993,PEEBLES,OH,STANDARD
56567,729,19,M,student,1998,NEW YORK MILLS,MN,STANDARD
84105,717,24,M,technician,1993,SALT LAKE CITY,UT,STANDARD
94560,780,49,M,programmer,1968,NEWARK,CA,STANDARD
98103,297,29,F,educator,1988,SEATTLE,WA,STANDARD
98117,379,44,M,programmer,1973,SEATTLE,WA,STANDARD
25652,849,15,F,student,2002,WHITMAN,WV,PO BOX
27511,584,25,M,student,1992,CARY,NC,STANDARD
55038,938,38,F,technician,1979,HUGO,MN,STANDARD
55414,53,26,M,programmer,1991,MINNEAPOLIS,MN,STANDARD
55414,198,21,F,student,1996,MINNEAPOLIS,MN,STANDARD
55414,274,20,F,student,1997,MINNEAPOLIS,MN,STANDARD
55414,428,28,M,student,1989,MINNEAPOLIS,MN,STANDARD
55414,496,21,F,student,1996,MINNEAPOLIS,MN,STANDARD
55414,551,25,M,programmer,1992,MINNEAPOLIS,MN,STANDARD
55414,633,35,M,programmer,1982,MINNEAPOLIS,MN,STANDARD
55414,684,28,M,student,1989,MINNEAPOLIS,MN,STANDARD
55414,773,20,M,student,1997,MINNEAPOLIS,MN,STANDARD
83814,146,45,M,artist,1972,COEUR D ALENE,ID,STANDARD
83814,650,42,M,engineer,1975,COEUR D ALENE,ID,STANDARD
98072,737,30,M,programmer,1987,WOODINVILLE,WA,STANDARD
98072,937,48,M,educator,1969,WOODINVILLE,WA,STANDARD
44212,618,15,F,student,2002,BRUNSWICK,OH,STANDARD
44212,843,35,M,librarian,1982,BRUNSWICK,OH,STANDARD
45243,892,36,M,other,1981,CINCINNATI,OH,STANDARD
02139,150,20,F,artist,1997,CAMBRIDGE,MA,STANDARD
02139,325,48,M,technician,1969,CAMBRIDGE,MA,STANDARD
10011,509,23,M,administrator,1994,NEW YORK,NY,STANDARD
23237,635,22,M,other,1995,RICHMOND,VA,STANDARD
63146,237,49,M,administrator,1968,SAINT LOUIS,MO,STANDARD
48076,440,30,M,other,1987,SOUTHFIELD,MI,STANDARD
54302,679,20,F,student,1997,GREEN BAY,WI,STANDARD
77845,577,36,F,student,1981,COLLEGE STATION,TX,STANDARD
77845,821,37,M,engineer,1980,COLLEGE STATION,TX,STANDARD
90703,10,53,M,lawyer,1964,CERRITOS,CA,STANDARD
94305,500,28,M,administrator,1989,STANFORD,CA,STANDARD
02113,763,27,M,scientist,1990,BOSTON,MA,STANDARD
43215,419,37,M,lawyer,1980,COLUMBUS,OH,STANDARD
95660,20,42,F,homemaker,1975,NORTH HIGHLANDS,CA,STANDARD
52246,58,27,M,programmer,1990,IOWA CITY,IA,STANDARD
55113,166,47,M,educator,1970,SAINT PAUL,MN,STANDARD
55113,447,30,M,administrator,1987,SAINT PAUL,MN,STANDARD
55113,745,42,M,writer,1975,SAINT PAUL,MN,STANDARD
63645,644,51,M,retired,1966,FREDERICKTOWN,MO,STANDARD
78741,32,28,F,student,1989,AUSTIN,TX,STANDARD
78741,727,25,M,student,1992,AUSTIN,TX,STANDARD
01913,91,55,M,marketing,1962,AMESBURY,MA,STANDARD
08403,59,49,M,educator,1968,LONGPORT,NJ,STANDARD
28734,246,19,M,student,1998,FRANKLIN,NC,STANDARD
40243,724,31,M,executive,1986,LOUISVILLE,KY,STANDARD
91201,467,29,M,engineer,1988,GLENDALE,CA,STANDARD
91201,540,28,M,engineer,1989,GLENDALE,CA,STANDARD
40206,22,25,M,writer,1992,LOUISVILLE,KY,STANDARD
48825,781,20,M,student,1997,EAST LANSING,MI,STANDARD
51157,776,30,M,librarian,1987,,,
89503,87,47,M,administrator,1970,RENO,NV,STANDARD
97215,856,43,F,marketing,1974,PORTLAND,OR,STANDARD
98501,585,69,M,librarian,1948,OLYMPIA,WA,STANDARD
49036,925,18,F,salesman,1999,COLDWATER,MI,STANDARD
96349,708,26,F,homemaker,1991,FPO,AP,MILITARY
15610,162,25,M,artist,1992,ACME,PA,STANDARD
33716,605,33,M,engineer,1984,SAINT PETERSBURG,FL,STANDARD
49512,178,26,M,other,1991,GRAND RAPIDS,MI,STANDARD
49512,703,26,M,educator,1991,GRAND RAPIDS,MI,STANDARD
54467,38,28,F,other,1989,PLOVER,WI,STANDARD
61755,408,23,M,student,1994,MACKINAW,IL,STANDARD
61755,898,23,M,homemaker,1994,MACKINAW,IL,STANDARD
20707,514,27,M,programmer,1990,LAUREL,MD,STANDARD
30220,102,38,M,programmer,1979,GRANTVILLE,GA,STANDARD
48322,860,70,F,retired,1947,WEST BLOOMFIELD,MI,STANDARD
73013,811,40,F,educator,1977,EDMOND,OK,STANDARD
84116,597,23,M,other,1994,SALT LAKE CITY,UT,STANDARD
91206,715,21,M,technician,1996,GLENDALE,CA,STANDARD
91206,753,56,M,salesman,1961,GLENDALE,CA,STANDARD
95938,190,30,M,administrator,1987,DURHAM,CA,STANDARD
08832,143,42,M,technician,1975,KEASBEY,NJ,STANDARD
55117,380,32,M,engineer,1985,SAINT PAUL,MN,STANDARD
95064,276,21,M,student,1996,SANTA CRUZ,CA,STANDARD
03060,210,39,M,engineer,1978,NASHUA,NH,STANDARD
19146,707,56,F,librarian,1961,PHILADELPHIA,PA,STANDARD
36117,141,49,M,programmer,1968,MONTGOMERY,AL,STANDARD
44106,291,19,M,student,1998,CLEVELAND,OH,STANDARD
27713,687,31,F,healthcare,1986,DURHAM,NC,STANDARD
30350,905,27,M,other,1990,ATLANTA,GA,STANDARD
55105,37,23,M,student,1994,SAINT PAUL,MN,STANDARD
55105,52,18,F,student,1999,SAINT PAUL,MN,STANDARD
55105,196,49,M,writer,1968,SAINT PAUL,MN,STANDARD
55105,352,37,F,programmer,1980,SAINT PAUL,MN,STANDARD
55105,421,38,F,programmer,1979,SAINT PAUL,MN,STANDARD
55105,653,31,M,executive,1986,SAINT PAUL,MN,STANDARD
77801,258,19,F,student,1998,BRYAN,TX,STANDARD
80525,41,33,M,engineer,1984,FORT COLLINS,CO,STANDARD
80525,92,32,M,entertainment,1985,FORT COLLINS,CO,STANDARD
80525,244,28,M,technician,1989,FORT COLLINS,CO,STANDARD
02903,651,65,M,retired,1952,PROVIDENCE,RI,STANDARD
06811,403,37,M,other,1980,DANBURY,CT,STANDARD
52302,174,30,F,administrator,1987,MARION,IA,STANDARD
76234,812,22,M,technician,1995,DECATUR,TX,STANDARD
97330,454,57,M,other,1960,CORVALLIS,OR,STANDARD
98225,409,48,M,administrator,1969,BELLINGHAM,WA,STANDARD
37901,339,35,M,lawyer,1982,KNOXVILLE,TN,PO BOX
92121,487,22,M,engineer,1995,SAN DIEGO,CA,STANDARD
95161,191,33,M,administrator,1984,SAN JOSE,CA,PO BOX
97006,148,33,M,engineer,1984,BEAVERTON,OR,STANDARD
31820,456,24,M,technician,1993,MIDLAND,GA,STANDARD
39042,256,35,F,none,1982,BRANDON,MS,STANDARD
91606,423,64,M,other,1953,NORTH HOLLYWOOD,CA,STANDARD
07310,930,28,F,scientist,1989,JERSEY CITY,NJ,STANDARD
22202,125,30,M,lawyer,1987,ARLINGTON,VA,STANDARD
55305,283,28,M,programmer,1989,HOPKINS,MN,STANDARD
55417,847,29,M,student,1988,MINNEAPOLIS,MN,STANDARD
98801,921,20,F,student,1997,WENATCHEE,WA,STANDARD
46032,575,33,M,marketing,1984,CARMEL,IN,STANDARD
10019,405,22,F,healthcare,1995,NEW YORK,NY,STANDARD
10019,478,29,M,other,1988,NEW YORK,NY,STANDARD
19102,662,55,M,librarian,1962,PHILADELPHIA,PA,STANDARD
47905,603,21,M,programmer,1996,LAFAYETTE,IN,STANDARD
90016,808,45,M,salesman,1972,LOS ANGELES,CA,STANDARD
94703,292,35,F,programmer,1982,BERKELEY,CA,STANDARD
53703,154,25,M,student,1992,MADISON,WI,STANDARD
T8H1N,74,39,M,scientist,1978,,,
V3N4P,145,31,M,entertainment,1986,,,
L9G2B,167,37,M,other,1980,,,
E2A4H,201,27,M,writer,1990,,,
V0R2M,333,47,M,other,1970,,,
Y1A6B,458,47,M,technician,1970,,,
V5A2B,490,29,F,artist,1988,,,
M7A1A,578,31,M,administrator,1986,,,
M4J2K,594,46,M,educator,1971,,,
R3T5K,599,22,F,student,1995,,,
T8H1N,634,39,M,engineer,1978,,,
N4T1A,709,21,M,other,1996,,,
V0R2H,719,37,F,other,1980,,,
K7L5J,779,31,M,student,1986,,,
V1G4L,857,35,F,administrator,1982,,,
L1V3W,901,38,M,executive,1979,,,
N2L5N,916,27,M,engineer,1990,,,
E2E3R,923,21,M,student,1996,,,
10018,836,44,M,artist,1973,NEW YORK,NY,STANDARD
12603,520,62,M,healthcare,1955,POUGHKEEPSIE,NY,STANDARD
53711,491,43,F,writer,1974,MADISON,WI,STANDARD
53711,929,44,M,scientist,1973,MADISON,WI,STANDARD
55408,498,26,M,writer,1991,MINNEAPOLIS,MN,STANDARD
55408,630,26,F,healthcare,1991,MINNEAPOLIS,MN,STANDARD
55408,854,29,F,student,1988,MINNEAPOLIS,MN,STANDARD
55408,928,21,M,student,1996,MINNEAPOLIS,MN,STANDARD
40503,882,35,M,engineer,1982,LEXINGTON,KY,STANDARD
75230,475,30,M,programmer,1987,DALLAS,TX,STANDARD
85210,693,43,F,healthcare,1974,MESA,AZ,STANDARD
95453,550,16,F,student,2001,LAKEPORT,CA,STANDARD
60440,476,28,M,student,1989,BOLINGBROOK,IL,STANDARD
08052,545,27,M,technician,1990,MAPLE SHADE,NJ,STANDARD
10016,273,50,F,other,1967,NEW YORK,NY,STANDARD
10016,668,29,F,writer,1988,NEW YORK,NY,STANDARD
50112,497,20,M,student,1997,GRINNELL,IA,STANDARD
03062,891,51,F,administrator,1966,NASHUA,NH,STANDARD
07030,176,28,M,scientist,1989,HOBOKEN,NJ,STANDARD
47401,841,45,M,doctor,1972,BLOOMINGTON,IN,STANDARD
94619,289,11,M,none,2006,OAKLAND,CA,STANDARD
29301,910,28,M,healthcare,1989,SPARTANBURG,SC,STANDARD
50266,883,49,M,librarian,1968,WEST DES MOINES,IA,STANDARD
55406,277,35,F,administrator,1982,MINNEAPOLIS,MN,STANDARD
55406,840,39,M,artist,1978,MINNEAPOLIS,MN,STANDARD
94086,305,23,M,programmer,1994,SUNNYVALE,CA,STANDARD
94086,852,46,M,administrator,1971,SUNNYVALE,CA,STANDARD
01754,786,36,F,engineer,1981,MAYNARD,MA,STANDARD
32303,750,28,M,administrator,1989,TALLAHASSEE,FL,STANDARD
55021,449,23,M,librarian,1994,FARIBAULT,MN,STANDARD
84107,401,46,F,healthcare,1971,SALT LAKE CITY,UT,STANDARD
02125,477,23,F,student,1994,DORCHESTER,MA,STANDARD
10021,448,23,M,entertainment,1994,NEW YORK,NY,STANDARD
10021,470,24,M,programmer,1993,NEW YORK,NY,STANDARD
10021,516,53,F,librarian,1964,NEW YORK,NY,STANDARD
13820,862,25,M,executive,1992,ONEONTA,NY,STANDARD
32707,563,39,F,librarian,1978,CASSELBERRY,FL,STANDARD
55436,30,7,M,student,2010,MINNEAPOLIS,MN,STANDARD
60659,227,46,M,executive,1971,CHICAGO,IL,STANDARD
77081,783,30,M,marketing,1987,HOUSTON,TX,STANDARD
97007,755,44,F,educator,1973,BEAVERTON,OR,STANDARD
01810,364,63,M,engineer,1954,ANDOVER,MA,STANDARD
01810,777,63,M,programmer,1954,ANDOVER,MA,STANDARD
80303,539,53,F,administrator,1964,BOULDER,CO,STANDARD
94143,345,28,F,librarian,1989,SAN FRANCISCO,CA,UNIQUE
95823,893,25,M,student,1992,SACRAMENTO,CA,STANDARD
98006,97,43,M,artist,1974,BELLEVUE,WA,STANDARD
98006,342,25,F,other,1992,BELLEVUE,WA,STANDARD
30002,334,32,M,librarian,1985,AVONDALE ESTATES,GA,STANDARD
50311,432,22,M,entertainment,1995,DES MOINES,IA,STANDARD
55320,519,22,M,other,1995,CLEARWATER,MN,STANDARD
60476,688,37,F,administrator,1980,THORNTON,IL,STANDARD
78756,266,62,F,administrator,1955,AUSTIN,TX,STANDARD
24060,320,19,M,student,1998,BLACKSBURG,VA,STANDARD
29440,188,42,M,student,1975,GEORGETOWN,SC,STANDARD
43017,881,39,M,marketing,1978,DUBLIN,OH,STANDARD
44224,529,47,F,administrator,1970,STOW,OH,STANDARD
44224,629,46,F,other,1971,STOW,OH,STANDARD
55106,14,45,M,scientist,1972,SAINT PAUL,MN,STANDARD
55106,300,26,F,programmer,1991,SAINT PAUL,MN,STANDARD
55106,609,13,F,student,2004,SAINT PAUL,MN,STANDARD
90630,111,57,M,engineer,1960,CYPRESS,CA,STANDARD
91711,310,37,M,educator,1980,CLAREMONT,CA,STANDARD
91711,725,21,M,student,1996,CLAREMONT,CA,STANDARD
95521,642,18,F,student,1999,ARCATA,CA,STANDARD
37771,481,73,M,retired,1944,LENOIR CITY,TN,STANDARD
97214,62,27,F,administrator,1990,PORTLAND,OR,STANDARD
49705,434,16,F,student,2001,AFTON,MI,STANDARD
61820,666,44,M,administrator,1973,CHAMPAIGN,IL,STANDARD
61820,804,39,M,educator,1978,CHAMPAIGN,IL,STANDARD
61820,886,20,M,student,1997,CHAMPAIGN,IL,STANDARD
73439,127,33,M,none,1984,KINGSTON,OK,STANDARD
01602,426,55,M,educator,1962,WORCESTER,MA,STANDARD
61401,212,49,F,educator,1968,GALESBURG,IL,STANDARD
90840,192,42,M,educator,1975,LONG BEACH,CA,UNIQUE
94117,344,30,F,librarian,1987,SAN FRANCISCO,CA,STANDARD
37725,820,22,M,student,1995,DANDRIDGE,TN,STANDARD
63119,270,18,F,student,1999,SAINT LOUIS,MO,STANDARD
70116,918,40,M,scientist,1977,NEW ORLEANS,LA,STANDARD
78390,850,34,M,technician,1983,TAFT,TX,STANDARD
91919,671,21,M,programmer,1996,,,
93555,195,42,M,scientist,1975,RIDGECREST,CA,STANDARD
93555,807,41,F,healthcare,1976,RIDGECREST,CA,STANDARD
02859,378,35,M,student,1982,PASCOAG,RI,STANDARD
05146,101,15,M,student,2002,GRAFTON,VT,STANDARD
50322,823,27,M,artist,1990,URBANDALE,IA,STANDARD
17961,580,16,M,student,2001,ORWIGSBURG,PA,STANDARD
33308,443,35,M,salesman,1982,FORT LAUDERDALE,FL,STANDARD
62901,553,58,M,educator,1959,CARBONDALE,IL,STANDARD
62901,554,32,M,scientist,1985,CARBONDALE,IL,STANDARD
62901,754,59,F,librarian,1958,CARBONDALE,IL,STANDARD
78205,220,30,M,librarian,1987,SAN ANTONIO,TX,STANDARD
98682,233,38,M,engineer,1979,VANCOUVER,WA,STANDARD
84103,249,25,M,student,1992,SALT LAKE CITY,UT,STANDARD
98038,510,34,M,other,1983,MAPLE VALLEY,WA,STANDARD
21206,418,55,F,none,1962,BALTIMORE,MD,STANDARD
47906,223,19,F,student,1998,WEST LAFAYETTE,IN,STANDARD
60202,180,22,F,administrator,1995,EVANSTON,IL,STANDARD
27708,183,33,M,scientist,1984,DURHAM,NC,UNIQUE
33484,897,30,M,other,1987,DELRAY BEACH,FL,STANDARD
55013,441,50,M,technician,1967,CHISAGO CITY,MN,STANDARD
94131,581,37,M,other,1980,SAN FRANCISCO,CA,STANDARD
97124,526,30,M,marketing,1987,HILLSBORO,OR,STANDARD
27705,615,38,M,educator,1979,DURHAM,NC,STANDARD
29464,544,44,F,other,1973,MOUNT PLEASANT,SC,STANDARD
68106,89,43,F,administrator,1974,OMAHA,NE,STANDARD
84010,57,16,M,none,2001,BOUNTIFUL,UT,STANDARD
94040,530,29,M,engineer,1988,MOUNTAIN VIEW,CA,STANDARD
94708,473,29,M,student,1988,BERKELEY,CA,STANDARD
02341,468,28,M,engineer,1989,HANSON,MA,STANDARD
03052,495,29,M,engineer,1988,LITCHFIELD,NH,STANDARD
50670,366,20,F,student,1997,SHELL ROCK,IA,STANDARD
53188,574,56,M,educator,1961,WAUKESHA,WI,STANDARD
75218,463,48,F,healthcare,1969,DALLAS,TX,STANDARD
77459,471,10,M,student,2007,MISSOURI CITY,TX,STANDARD
92653,445,21,M,writer,1996,LAGUNA HILLS,CA,STANDARD
93063,588,18,F,student,1999,SIMI VALLEY,CA,STANDARD
95628,239,39,M,artist,1978,FAIR OAKS,CA,STANDARD
92115,504,40,F,writer,1977,SAN DIEGO,CA,STANDARD
60035,313,41,M,marketing,1976,HIGHLAND PARK,IL,STANDARD
85233,362,35,F,homemaker,1982,GILBERT,AZ,STANDARD
01581,298,44,M,executive,1973,WESTBOROUGH,MA,STANDARD
19711,525,27,F,administrator,1990,NEWARK,DE,STANDARD
30068,21,26,M,writer,1991,MARIETTA,GA,STANDARD
40504,332,20,M,student,1997,LEXINGTON,KY,STANDARD
91040,784,47,M,administrator,1970,SUNLAND,CA,STANDARD
11727,217,22,M,other,1995,CORAM,NY,STANDARD
21012,488,48,M,technician,1969,ARNOLD,MD,STANDARD
55337,69,24,M,engineer,1993,BURNSVILLE,MN,STANDARD
55337,674,13,F,student,2004,BURNSVILLE,MN,STANDARD
55337,800,25,M,programmer,1992,BURNSVILLE,MN,STANDARD
55337,879,33,F,administrator,1984,BURNSVILLE,MN,STANDARD
55337,884,44,M,engineer,1973,BURNSVILLE,MN,STANDARD
10314,656,48,M,educator,1969,STATEN ISLAND,NY,STANDARD
51250,646,17,F,student,2000,SIOUX CENTER,IA,STANDARD
06405,12,28,F,other,1989,BRANFORD,CT,STANDARD
18301,315,31,M,educator,1986,EAST STROUDSBURG,PA,STANDARD
35802,875,24,F,student,1993,HUNTSVILLE,AL,STANDARD
60657,655,50,F,healthcare,1967,CHICAGO,IL,STANDARD
02320,600,34,M,programmer,1983,,,
79070,612,36,M,educator,1981,PERRYTON,TX,STANDARD
80919,749,33,M,other,1984,COLORADO SPRINGS,CO,STANDARD
85016,390,42,F,writer,1975,PHOENIX,AZ,STANDARD
01701,926,49,M,entertainment,1968,FRAMINGHAM,MA,STANDARD
20685,221,19,M,student,1998,SAINT LEONARD,MD,STANDARD
32301,203,25,F,student,1992,TALLAHASSEE,FL,STANDARD
32301,895,31,F,librarian,1986,TALLAHASSEE,FL,STANDARD
44092,395,43,M,other,1974,WICKLIFFE,OH,STANDARD
60115,130,20,M,none,1997,DEKALB,IL,STANDARD
47024,744,35,M,marketing,1982,LAUREL,IN,STANDARD
49428,494,38,F,administrator,1979,JENISON,MI,STANDARD
60630,460,44,F,other,1973,CHICAGO,IL,STANDARD
60630,733,44,F,other,1973,CHICAGO,IL,STANDARD
61455,349,68,M,retired,1949,MACOMB,IL,STANDARD
80209,829,48,M,writer,1969,DENVER,CO,STANDARD
83702,389,44,F,writer,1973,BOISE,ID,STANDARD
83702,880,13,M,student,2004,BOISE,ID,STANDARD
90405,680,33,M,lawyer,1984,SANTA MONICA,CA,STANDARD
93402,200,40,M,programmer,1977,LOS OSOS,CA,STANDARD
38401,135,23,M,student,1994,COLUMBIA,TN,STANDARD
92037,207,39,M,marketing,1978,LA JOLLA,CA,STANDARD
06513,218,37,M,administrator,1980,NEW HAVEN,CT,STANDARD
23112,93,48,M,executive,1969,MIDLOTHIAN,VA,STANDARD
77042,697,25,M,other,1992,HOUSTON,TX,STANDARD
77042,832,24,M,technician,1993,HOUSTON,TX,STANDARD
06779,328,51,M,administrator,1966,OAKVILLE,CT,STANDARD
62522,797,44,F,other,1973,DECATUR,IL,STANDARD
66046,372,25,F,student,1992,LAWRENCE,KS,STANDARD
80236,134,31,M,programmer,1986,DENVER,CO,STANDARD
98034,71,39,M,scientist,1978,KIRKLAND,WA,STANDARD
75240,63,31,M,marketing,1986,DALLAS,TX,STANDARD
76059,346,34,M,other,1983,KEENE,TX,STANDARD
77048,826,28,M,artist,1989,HOUSTON,TX,STANDARD
94702,234,60,M,retired,1957,BERKELEY,CA,STANDARD
11231,214,26,F,librarian,1991,BROOKLYN,NY,STANDARD
11231,865,25,M,artist,1992,BROOKLYN,NY,STANDARD
11577,835,44,F,executive,1973,ROSLYN HEIGHTS,NY,STANDARD
12205,792,40,M,programmer,1977,ALBANY,NY,STANDARD
89104,702,37,M,other,1980,LAS VEGAS,NV,STANDARD
94720,748,28,M,administrator,1989,BERKELEY,CA,UNIQUE
02136,813,14,F,student,2003,HYDE PARK,MA,STANDARD
45439,689,25,M,other,1992,DAYTON,OH,STANDARD
92020,710,19,M,student,1998,EL CAJON,CA,STANDARD
94533,24,21,F,artist,1996,FAIRFIELD,CA,STANDARD
94533,422,26,M,entertainment,1991,FAIRFIELD,CA,STANDARD
21044,26,49,M,engineer,1968,COLUMBIA,MD,STANDARD
85281,793,22,M,student,1995,TEMPE,AZ,STANDARD
55116,373,24,F,other,1993,SAINT PAUL,MN,STANDARD
55116,899,32,M,other,1985,SAINT PAUL,MN,STANDARD
61462,678,50,M,educator,1967,MONMOUTH,IL,STANDARD
94591,564,65,M,retired,1952,VALLEJO,CA,STANDARD
31211,287,21,M,salesman,1996,MACON,GA,STANDARD
99206,371,36,M,engineer,1981,SPOKANE,WA,STANDARD
23509,683,42,M,librarian,1975,NORFOLK,VA,STANDARD
29205,429,27,M,student,1990,COLUMBIA,SC,STANDARD
06512,912,51,M,other,1966,EAST HAVEN,CT,STANDARD
20009,128,24,F,marketing,1993,WASHINGTON,DC,STANDARD
20009,365,29,M,lawyer,1988,WASHINGTON,DC,STANDARD
20009,437,27,F,other,1990,WASHINGTON,DC,STANDARD
20009,669,37,M,other,1980,WASHINGTON,DC,STANDARD
20009,805,27,F,other,1990,WASHINGTON,DC,STANDARD
22207,172,55,M,marketing,1962,ARLINGTON,VA,STANDARD
06333,453,18,M,student,1999,EAST LYME,CT,STANDARD
60615,124,34,M,student,1983,CHICAGO,IL,STANDARD
63021,864,27,M,programmer,1990,BALLWIN,MO,STANDARD
75013,114,27,M,programmer,1990,ALLEN,TX,STANDARD
22206,122,32,F,writer,1985,ARLINGTON,VA,STANDARD
22206,740,25,F,educator,1992,ARLINGTON,VA,STANDARD
23322,785,32,M,engineer,1985,CHESAPEAKE,VA,STANDARD
29210,742,35,M,student,1982,COLUMBIA,SC,STANDARD
55107,25,39,M,engineer,1978,SAINT PAUL,MN,STANDARD
61073,904,17,F,student,2000,ROSCOE,IL,STANDARD
85202,261,28,M,administrator,1989,MESA,AZ,STANDARD
01945,571,34,M,artist,1983,MARBLEHEAD,MA,STANDARD
06371,205,47,M,lawyer,1970,OLD LYME,CT,STANDARD
06437,932,58,M,educator,1959,GUILFORD,CT,STANDARD
28018,452,35,M,administrator,1982,BOSTIC,NC,STANDARD
42459,35,20,F,homemaker,1997,STURGIS,KY,STANDARD
90064,264,36,F,writer,1981,LOS ANGELES,CA,STANDARD
95123,543,33,M,scientist,1984,SAN JOSE,CA,STANDARD
78209,942,48,F,librarian,1969,SAN ANTONIO,TX,STANDARD
20723,625,27,M,programmer,1990,LAUREL,MD,STANDARD
45810,647,40,M,educator,1977,ADA,OH,STANDARD
73071,311,32,M,technician,1985,NORMAN,OK,STANDARD
12866,768,29,M,administrator,1988,SARATOGA SPRINGS,NY,STANDARD
45680,549,42,M,scientist,1975,SOUTH POINT,OH,STANDARD
54248,659,31,M,educator,1986,,,
77841,943,22,M,student,1995,COLLEGE STATION,TX,PO BOX
93550,290,40,M,engineer,1977,PALMDALE,CA,STANDARD
98121,661,28,M,programmer,1989,SEATTLE,WA,STANDARD
87501,363,20,M,student,1997,SANTA FE,NM,STANDARD
93109,406,52,M,educator,1965,SANTA BARBARA,CA,STANDARD
06906,698,28,F,programmer,1989,STAMFORD,CT,STANDARD
08816,75,24,M,entertainment,1993,EAST BRUNSWICK,NJ,STANDARD
55439,301,24,M,student,1993,MINNEAPOLIS,MN,STANDARD
75204,383,42,M,administrator,1975,DALLAS,TX,STANDARD
98199,430,38,M,scientist,1979,SEATTLE,WA,STANDARD
48197,23,30,F,artist,1987,YPSILANTI,MI,STANDARD
48197,354,29,F,librarian,1988,YPSILANTI,MI,STANDARD
11201,617,27,F,writer,1990,BROOKLYN,NY,STANDARD
14627,566,20,M,student,1997,ROCHESTER,NY,PO BOX
14627,570,26,M,educator,1991,ROCHESTER,NY,PO BOX
32067,3,23,M,writer,1994,ORANGE PARK,FL,PO BOX
19716,799,49,F,administrator,1968,NEWARK,DE,STANDARD
91335,369,24,M,student,1993,RESEDA,CA,STANDARD
70808,157,57,M,engineer,1960,BATON ROUGE,LA,STANDARD
92154,801,22,M,writer,1995,SAN DIEGO,CA,STANDARD
92626,416,20,F,student,1997,COSTA MESA,CA,STANDARD
92626,658,33,M,programmer,1984,COSTA MESA,CA,STANDARD
01375,838,23,M,student,1994,SUNDERLAND,MA,STANDARD
04102,523,50,F,administrator,1967,PORTLAND,ME,STANDARD
21201,752,60,M,retired,1957,BALTIMORE,MD,STANDARD
55454,307,25,M,student,1992,MINNEAPOLIS,MN,STANDARD
55454,517,24,M,student,1993,MINNEAPOLIS,MN,STANDARD
55454,632,18,M,student,1999,MINNEAPOLIS,MN,STANDARD
55454,706,23,M,student,1994,MINNEAPOLIS,MN,STANDARD
14216,587,26,M,other,1991,BUFFALO,NY,STANDARD
14216,770,28,M,student,1989,BUFFALO,NY,STANDARD
14216,919,25,M,other,1992,BUFFALO,NY,STANDARD
28450,507,18,F,writer,1999,LAKE WACCAMAW,NC,STANDARD
55122,643,39,M,scientist,1978,SAINT PAUL,MN,STANDARD
60641,153,25,M,student,1992,CHICAGO,IL,STANDARD
70802,309,40,M,scientist,1977,BATON ROUGE,LA,STANDARD
95050,762,32,M,administrator,1985,SANTA CLARA,CA,STANDARD
01960,778,34,M,student,1983,PEABODY,MA,STANDARD
09645,858,63,M,educator,1954,FPO,AE,MILITARY
29646,851,18,M,other,1999,GREENWOOD,SC,STANDARD
95076,308,60,M,retired,1957,WATSONVILLE,CA,STANDARD
15235,326,41,M,administrator,1976,PITTSBURGH,PA,STANDARD
54494,705,21,F,student,1996,WISCONSIN RAPIDS,WI,STANDARD
30011,457,33,F,salesman,1984,AUBURN,GA,STANDARD
40256,482,18,F,student,1999,LOUISVILLE,KY,PO BOX
63130,108,44,M,educator,1973,SAINT LOUIS,MO,STANDARD
90034,589,21,M,lawyer,1996,LOS ANGELES,CA,STANDARD
90034,751,24,F,other,1993,LOS ANGELES,CA,STANDARD
02154,194,38,M,administrator,1979,,,
02154,607,49,F,healthcare,1968,,,
10003,31,24,M,artist,1993,NEW YORK,NY,STANDARD
10003,385,36,M,writer,1981,NEW YORK,NY,STANDARD
10003,560,32,M,student,1985,NEW YORK,NY,STANDARD
10003,567,24,M,entertainment,1993,NEW YORK,NY,STANDARD
10003,608,22,M,other,1995,NEW YORK,NY,STANDARD
44124,238,42,F,administrator,1975,CLEVELAND,OH,STANDARD
68147,552,45,M,other,1972,BELLEVUE,NE,STANDARD
80538,726,25,F,administrator,1992,LOVELAND,CO,STANDARD
33755,796,32,F,writer,1985,CLEARWATER,FL,STANDARD
85719,735,29,F,healthcare,1988,TUCSON,AZ,STANDARD
97520,592,18,M,student,1999,ASHLAND,OR,STANDARD
52241,80,34,F,administrator,1983,CORALVILLE,IA,STANDARD
92374,399,25,M,other,1992,REDLANDS,CA,STANDARD
21227,610,22,M,student,1995,HALETHORPE,MD,STANDARD
26506,686,32,M,educator,1985,MORGANTOWN,WV,STANDARD
48446,451,16,M,student,2001,LAPEER,MI,STANDARD
98101,6,42,M,executive,1975,SEATTLE,WA,STANDARD
05201,8,36,M,administrator,1981,BENNINGTON,VT,STANDARD
17331,722,50,F,homemaker,1967,HANOVER,PA,STANDARD
94608,381,33,M,artist,1984,EMERYVILLE,CA,STANDARD
97403,185,53,F,librarian,1964,EUGENE,OR,STANDARD
32605,211,66,M,salesman,1951,GAINESVILLE,FL,STANDARD
43537,4,24,M,technician,1993,MAUMEE,OH,STANDARD
92093,591,57,F,librarian,1960,LA JOLLA,CA,UNIQUE
16125,117,20,M,student,1997,GREENVILLE,PA,STANDARD
63132,558,56,F,writer,1961,SAINT LOUIS,MO,STANDARD
64131,798,40,F,writer,1977,KANSAS CITY,MO,STANDARD
84302,541,19,F,student,1998,BRIGHAM CITY,UT,STANDARD
93003,582,17,M,student,2000,VENTURA,CA,STANDARD
95014,189,32,M,artist,1985,CUPERTINO,CA,STANDARD
98281,576,48,M,executive,1969,POINT ROBERTS,WA,STANDARD
07733,252,42,M,engineer,1975,HOLMDEL,NJ,STANDARD
20784,240,23,F,educator,1994,HYATTSVILLE,MD,STANDARD
91105,704,51,F,librarian,1966,PASADENA,CA,STANDARD
99603,121,54,M,librarian,1963,HOMER,AK,STANDARD
29206,13,47,M,educator,1970,COLUMBIA,SC,STANDARD
53705,169,52,F,other,1965,MADISON,WI,STANDARD
58202,225,51,F,administrator,1966,GRAND FORKS,ND,STANDARD
77005,257,17,M,student,2000,HOUSTON,TX,STANDARD
91903,569,34,M,educator,1983,ALPINE,CA,PO BOX
97301,15,49,F,educator,1968,SALEM,OR,STANDARD
97301,350,32,M,student,1985,SALEM,OR,STANDARD
97301,890,32,M,student,1985,SALEM,OR,STANDARD
05452,825,44,M,engineer,1973,ESSEX JUNCTION,VT,STANDARD
08360,156,25,M,educator,1992,VINELAND,NJ,STANDARD
29379,77,30,M,technician,1987,UNION,SC,STANDARD
30078,536,38,M,engineer,1979,SNELLVILLE,GA,STANDARD
30329,11,39,F,other,1978,ATLANTA,GA,STANDARD
53171,909,50,F,educator,1967,SOMERS,WI,PO BOX
74075,894,47,M,educator,1970,STILLWATER,OK,STANDARD
77904,302,42,M,educator,1975,VICTORIA,TX,STANDARD
90814,839,38,F,entertainment,1979,LONG BEACH,CA,STANDARD
12065,639,42,F,librarian,1975,CLIFTON PARK,NY,STANDARD
37777,375,17,M,entertainment,2000,LOUISVILLE,TN,STANDARD
74078,872,19,F,student,1998,STILLWATER,OK,UNIQUE
74101,637,30,M,other,1987,TULSA,OK,PO BOX
90291,98,49,F,executive,1968,VENICE,CA,STANDARD
30606,556,35,F,educator,1982,ATHENS,GA,STANDARD
43202,64,32,M,educator,1985,COLUMBUS,OH,STANDARD
80027,774,30,M,student,1987,LOUISVILLE,CO,STANDARD
13210,317,22,M,administrator,1995,SYRACUSE,NY,STANDARD
21250,511,22,M,student,1995,BALTIMORE,MD,UNIQUE
22911,546,36,M,executive,1981,CHARLOTTESVILLE,VA,STANDARD
22911,652,35,M,other,1982,CHARLOTTESVILLE,VA,STANDARD
30033,278,37,F,librarian,1980,DECATUR,GA,STANDARD
43085,598,40,F,marketing,1977,COLUMBUS,OH,STANDARD
90008,920,30,F,artist,1987,LOS ANGELES,CA,STANDARD
11701,88,49,F,librarian,1968,AMITYVILLE,NY,STANDARD
42101,336,23,M,salesman,1994,BOWLING GREEN,KY,STANDARD
10025,501,22,M,student,1995,NEW YORK,NY,STANDARD
10025,869,30,M,student,1987,NEW YORK,NY,STANDARD
16803,296,43,F,administrator,1974,STATE COLLEGE,PA,STANDARD
30030,27,40,F,librarian,1977,DECATUR,GA,STANDARD
93055,842,40,M,writer,1977,,,
02146,521,19,M,student,1998,,,
02146,848,46,M,engineer,1971,,,
20755,179,15,M,entertainment,2002,FORT GEORGE G MEADE,MD,STANDARD
20755,816,34,M,other,1983,FORT GEORGE G MEADE,MD,STANDARD
60135,355,25,M,student,1992,GENOA,IL,STANDARD
85710,209,33,F,educator,1984,TUCSON,AZ,STANDARD
85711,1,24,M,technician,1993,TUCSON,AZ,STANDARD
85711,415,39,M,educator,1978,TUCSON,AZ,STANDARD
95316,885,30,F,other,1987,DENAIR,CA,STANDARD
20006,917,22,F,student,1995,WASHINGTON,DC,STANDARD
52245,50,21,M,writer,1996,IOWA CITY,IA,STANDARD
07029,255,23,M,entertainment,1994,HARRISON,NJ,STANDARD
12345,814,30,M,other,1987,SCHENECTADY,NY,UNIQUE
20064,791,31,M,educator,1986,WASHINGTON,DC,UNIQUE
32250,140,30,F,student,1987,JACKSONVILLE BEACH,FL,STANDARD
44265,716,36,F,administrator,1981,RANDOLPH,OH,PO BOX
78704,657,26,F,none,1991,AUSTIN,TX,STANDARD
78704,889,24,M,technician,1993,AUSTIN,TX,STANDARD
97405,845,64,M,doctor,1953,EUGENE,OR,STANDARD
99687,601,19,F,artist,1998,WASILLA,AK,PO BOX
06472,60,50,M,healthcare,1967,NORTHFORD,CT,STANDARD
08904,139,20,M,student,1997,HIGHLAND PARK,NJ,STANDARD
17036,888,41,M,scientist,1976,HUMMELSTOWN,PA,STANDARD
44405,341,17,F,student,2000,CAMPBELL,OH,STANDARD
55303,868,21,M,programmer,1996,ANOKA,MN,STANDARD
78602,133,53,M,engineer,1964,BASTROP,TX,STANDARD
95821,485,44,F,educator,1973,SACRAMENTO,CA,STANDARD
53202,444,51,F,lawyer,1966,MILWAUKEE,WI,STANDARD
97229,941,20,M,student,1997,PORTLAND,OR,STANDARD
01824,382,45,M,engineer,1972,CHELMSFORD,MA,STANDARD
78628,469,60,M,educator,1957,GEORGETOWN,TX,STANDARD
27510,33,23,M,student,1994,CARRBORO,NC,STANDARD
60613,112,30,M,salesman,1987,CHICAGO,IL,STANDARD
80302,535,45,F,educator,1972,BOULDER,CO,STANDARD
08534,370,52,M,writer,1965,PENNINGTON,NJ,STANDARD
20817,439,23,F,administrator,1994,BETHESDA,MD,STANDARD
63108,299,29,M,doctor,1988,SAINT LOUIS,MO,STANDARD
63108,734,25,F,other,1992,SAINT LOUIS,MO,STANDARD
63108,741,25,M,writer,1992,SAINT LOUIS,MO,STANDARD
01040,39,41,M,entertainment,1976,HOLYOKE,MA,STANDARD
34105,802,35,M,administrator,1982,NAPLES,FL,STANDARD
43201,269,31,F,librarian,1986,COLUMBUS,OH,STANDARD
80913,790,27,M,technician,1990,COLORADO SPRINGS,CO,STANDARD
14853,303,19,M,student,1998,ITHACA,NY,STANDARD
22306,173,56,M,other,1961,ALEXANDRIA,VA,STANDARD
95662,844,22,M,engineer,1995,ORANGEVALE,CA,STANDARD
19149,323,21,M,student,1996,PHILADELPHIA,PA,STANDARD
21114,670,30,M,technician,1987,CROFTON,MD,STANDARD
21114,922,29,F,administrator,1988,CROFTON,MD,STANDARD
49931,193,29,M,student,1988,HOUGHTON,MI,STANDARD
53214,236,44,F,writer,1973,MILWAUKEE,WI,STANDARD
60090,493,22,M,engineer,1995,WHEELING,IL,STANDARD
92113,368,18,M,student,1999,SAN DIEGO,CA,STANDARD
06927,769,39,M,executive,1978,STAMFORD,CT,UNIQUE
22932,271,51,M,engineer,1966,CROZET,VA,STANDARD
32114,730,31,F,scientist,1986,DAYTONA BEACH,FL,STANDARD
02176,324,21,F,student,1996,MELROSE,MA,STANDARD
33763,873,48,F,administrator,1969,CLEARWATER,FL,STANDARD
65203,870,22,M,student,1995,COLUMBIA,MO,STANDARD
68767,152,33,F,educator,1984,PIERCE,NE,STANDARD
68767,593,31,F,educator,1986,PIERCE,NE,STANDARD
78213,400,33,F,administrator,1984,SAN ANTONIO,TX,STANDARD
06059,281,15,F,student,2002,NORTH CANTON,CT,STANDARD
21208,484,27,M,student,1990,PIKESVILLE,MD,STANDARD
73034,72,48,F,administrator,1969,EDMOND,OK,STANDARD
73132,306,45,M,other,1972,OKLAHOMA CITY,OK,STANDARD
83716,267,23,M,engineer,1994,BOISE,ID,STANDARD
96819,394,25,M,administrator,1992,HONOLULU,HI,STANDARD
48911,573,68,M,retired,1949,LANSING,MI,STANDARD
93612,747,19,M,other,1998,CLOVIS,CA,STANDARD
37235,248,25,M,student,1992,NASHVILLE,TN,UNIQUE
49938,351,61,M,educator,1956,IRONWOOD,MI,STANDARD
80228,827,23,F,engineer,1994,DENVER,CO,STANDARD
93117,36,19,F,student,1998,GOLETA,CA,STANDARD
97302,761,17,M,student,2000,SALEM,OR,STANDARD
01970,667,35,M,librarian,1982,SALEM,MA,STANDARD
71701,304,22,F,student,1995,CAMDEN,AR,STANDARD
76013,184,37,M,librarian,1980,ARLINGTON,TX,STANDARD
90095,672,54,F,administrator,1963,LOS ANGELES,CA,UNIQUE
90210,118,21,M,administrator,1996,BEVERLY HILLS,CA,STANDARD
90210,347,18,M,student,1999,BEVERLY HILLS,CA,STANDARD
99709,232,45,M,scientist,1972,FAIRBANKS,AK,STANDARD
99709,518,49,F,writer,1968,FAIRBANKS,AK,STANDARD
68503,759,20,F,student,1997,LINCOLN,NE,STANDARD
75206,96,25,F,artist,1992,DALLAS,TX,STANDARD
55109,245,22,M,student,1995,SAINT PAUL,MN,STANDARD
83686,393,19,M,student,1998,NAMPA,ID,STANDARD
55125,106,61,M,retired,1956,SAINT PAUL,MN,STANDARD
85251,279,33,M,programmer,1984,SCOTTSDALE,AZ,STANDARD
85282,442,22,M,student,1995,TEMPE,AZ,STANDARD
85282,828,28,M,librarian,1989,TEMPE,AZ,STANDARD
22902,82,50,M,programmer,1967,CHARLOTTESVILLE,VA,STANDARD
22902,537,36,M,engineer,1981,CHARLOTTESVILLE,VA,STANDARD
22902,934,61,M,engineer,1956,CHARLOTTESVILLE,VA,STANDARD
92705,532,20,M,student,1997,SANTA ANA,CA,STANDARD
93101,486,39,M,educator,1978,SANTA BARBARA,CA,STANDARD
94306,628,13,M,none,2004,PALO ALTO,CA,STANDARD
94306,728,58,M,executive,1959,PALO ALTO,CA,STANDARD
02138,19,40,M,librarian,1977,CAMBRIDGE,MA,STANDARD
07039,129,36,F,marketing,1981,LIVINGSTON,NJ,STANDARD
32712,676,30,M,programmer,1987,APOPKA,FL,STANDARD
46005,86,26,M,administrator,1991,,,
55413,321,49,F,educator,1968,MINNEAPOLIS,MN,STANDARD
60089,691,34,M,educator,1983,BUFFALO GROVE,IL,STANDARD
60089,863,17,M,student,2000,BUFFALO GROVE,IL,STANDARD
15203,711,22,F,student,1995,PITTSBURGH,PA,STANDARD
20003,85,51,M,educator,1966,WASHINGTON,DC,STANDARD
20003,572,51,M,educator,1966,WASHINGTON,DC,STANDARD
20090,512,29,M,other,1988,WASHINGTON,DC,PO BOX
20850,903,28,M,educator,1989,ROCKVILLE,MD,STANDARD
66221,935,42,M,doctor,1975,OVERLAND PARK,KS,STANDARD
90247,756,30,F,none,1987,GARDENA,CA,STANDARD
92629,284,40,M,executive,1977,DANA POINT,CA,STANDARD
92629,431,24,M,marketing,1993,DANA POINT,CA,STANDARD
22003,228,21,F,student,1996,ANNANDALE,VA,STANDARD
92660,743,31,M,programmer,1986,NEWPORT BEACH,CA,STANDARD
02110,312,48,M,other,1969,BOSTON,MA,STANDARD
38115,414,24,M,programmer,1993,MEMPHIS,TN,STANDARD
38115,695,26,M,writer,1991,MEMPHIS,TN,STANDARD
46538,46,27,F,marketing,1990,LEESBURG,IN,STANDARD
53211,138,46,M,doctor,1971,MILWAUKEE,WI,STANDARD
53211,645,27,M,programmer,1990,MILWAUKEE,WI,STANDARD
80127,168,48,M,other,1969,LITTLETON,CO,STANDARD
01080,231,48,M,librarian,1969,THREE RIVERS,MA,STANDARD
06260,120,47,F,other,1970,PUTNAM,CT,STANDARD
50325,295,31,M,educator,1986,CLIVE,IA,STANDARD
59801,392,52,M,writer,1965,MISSOULA,MT,STANDARD
76201,913,27,M,student,1990,DENTON,TX,STANDARD
92110,294,34,M,technician,1983,SAN DIEGO,CA,STANDARD
16506,720,49,F,administrator,1968,ERIE,PA,STANDARD
80526,810,55,F,other,1962,FORT COLLINS,CO,STANDARD
80526,907,25,F,other,1992,FORT COLLINS,CO,STANDARD
01331,55,37,M,programmer,1980,ATHOL,MA,STANDARD
02918,462,19,F,student,1998,PROVIDENCE,RI,UNIQUE
14085,861,38,F,student,1979,LAKE VIEW,NY,STANDARD
19104,177,20,M,programmer,1997,PHILADELPHIA,PA,STANDARD
94551,396,57,M,engineer,1960,LIVERMORE,CA,STANDARD
10010,376,28,F,other,1989,NEW YORK,NY,STANDARD
33205,782,21,F,artist,1996,,,
60302,866,45,M,other,1972,OAK PARK,IL,STANDARD
60402,67,17,M,student,2000,BERWYN,IL,STANDARD
60402,621,17,M,student,2000,BERWYN,IL,STANDARD
80123,164,47,M,healthcare,1970,LITTLETON,CO,STANDARD
80123,340,46,M,engineer,1971,LITTLETON,CO,STANDARD
95468,548,51,M,writer,1966,POINT ARENA,CA,STANDARD
97212,163,49,M,administrator,1968,PORTLAND,OR,STANDARD
36106,388,31,M,other,1986,MONTGOMERY,AL,STANDARD
60626,641,24,M,student,1993,CHICAGO,IL,STANDARD
91344,7,57,M,administrator,1960,GRANADA HILLS,CA,STANDARD
91344,331,33,M,entertainment,1984,GRANADA HILLS,CA,STANDARD
94618,492,57,M,educator,1960,OAKLAND,CA,STANDARD
94618,736,48,F,writer,1969,OAKLAND,CA,STANDARD
95403,738,35,M,technician,1982,SANTA ROSA,CA,STANDARD
98027,360,51,M,other,1966,ISSAQUAH,WA,STANDARD
98027,878,50,F,educator,1967,ISSAQUAH,WA,STANDARD
20001,241,26,F,student,1991,WASHINGTON,DC,STANDARD
33775,335,45,M,executive,1972,SEMINOLE,FL,PO BOX
37076,874,36,M,scientist,1981,HERMITAGE,TN,STANDARD
61801,78,26,M,administrator,1991,URBANA,IL,STANDARD
61801,359,22,M,student,1995,URBANA,IL,STANDARD
61801,640,20,M,student,1997,URBANA,IL,STANDARD
03261,407,29,M,engineer,1988,NORTHWOOD,NH,STANDARD
20854,43,29,F,librarian,1988,POTOMAC,MD,STANDARD
22903,229,29,F,librarian,1988,CHARLOTTESVILLE,VA,STANDARD
22903,253,26,F,librarian,1991,CHARLOTTESVILLE,VA,STANDARD
22903,280,30,F,librarian,1987,CHARLOTTESVILLE,VA,STANDARD
22973,235,37,M,educator,1980,STANARDSVILLE,VA,STANDARD
48105,933,28,M,student,1989,ANN ARBOR,MI,STANDARD
23226,288,34,M,marketing,1983,RICHMOND,VA,STANDARD
28814,675,34,M,other,1983,ASHEVILLE,NC,PO BOX
34656,602,47,F,other,1970,NEW PORT RICHEY,FL,PO BOX
90019,833,34,M,writer,1983,LOS ANGELES,CA,STANDARD
06492,859,18,F,other,1999,WALLINGFORD,CT,STANDARD
06518,318,65,M,retired,1952,HAMDEN,CT,STANDARD
11211,433,27,M,artist,1990,BROOKLYN,NY,STANDARD
44133,83,40,M,other,1977,NORTH ROYALTON,OH,STANDARD
60804,293,24,M,writer,1993,CICERO,IL,STANDARD
63033,215,35,M,programmer,1982,FLORISSANT,MO,STANDARD
64153,834,26,M,other,1991,KANSAS CITY,MO,STANDARD
77840,110,19,M,student,1998,COLLEGE STATION,TX,STANDARD
93711,474,51,M,executive,1966,FRESNO,CA,STANDARD
19422,268,24,M,engineer,1993,BLUE BELL,PA,STANDARD
33319,939,26,F,student,1991,FORT LAUDERDALE,FL,STANDARD
50613,322,20,M,student,1997,CEDAR FALLS,IA,STANDARD
50613,616,55,M,scientist,1962,CEDAR FALLS,IA,STANDARD
64118,718,42,M,technician,1975,KANSAS CITY,MO,STANDARD
78264,262,19,F,student,1998,SAN ANTONIO,TX,STANDARD
97408,531,30,F,salesman,1987,EUGENE,OR,STANDARD
08610,795,30,M,programmer,1987,TRENTON,NJ,STANDARD
17325,149,35,F,marketing,1982,GETTYSBURG,PA,STANDARD
53066,830,46,M,programmer,1971,OCONOMOWOC,WI,STANDARD
55369,28,32,M,writer,1985,OSSEO,MN,STANDARD
55369,84,32,M,executive,1985,OSSEO,MN,STANDARD
58644,425,19,M,student,1998,MARSHALL,ND,STANDARD
68504,908,44,F,librarian,1973,LINCOLN,NE,STANDARD
90804,466,22,M,student,1995,LONG BEACH,CA,STANDARD
98102,461,15,M,student,2002,SEATTLE,WA,STANDARD
06355,17,30,M,programmer,1987,MYSTIC,CT,STANDARD
45218,384,52,M,programmer,1965,CINCINNATI,OH,STANDARD
45218,489,55,M,other,1962,CINCINNATI,OH,STANDARD
56321,701,51,F,librarian,1966,COLLEGEVILLE,MN,PO BOX
77009,316,43,F,other,1974,HOUSTON,TX,STANDARD
94920,696,55,M,other,1962,BELVEDERE TIBURON,CA,STANDARD
98133,357,26,M,executive,1991,SEATTLE,WA,STANDARD
10522,337,37,M,scientist,1980,DOBBS FERRY,NY,STANDARD
17345,436,30,F,administrator,1987,MANCHESTER,PA,STANDARD
23092,502,22,M,student,1995,LOCUST HILL,VA,STANDARD
18505,900,60,M,retired,1957,SCRANTON,PA,STANDARD
22030,319,38,M,programmer,1979,FAIRFAX,VA,STANDARD
53715,165,20,F,other,1997,MADISON,WI,STANDARD
27606,158,50,M,educator,1967,RALEIGH,NC,STANDARD
55343,714,26,M,engineer,1991,HOPKINS,MN,STANDARD
55443,522,36,M,engineer,1981,MINNEAPOLIS,MN,STANDARD
60005,561,23,M,engineer,1994,ARLINGTON HEIGHTS,IL,STANDARD
67401,119,32,M,programmer,1985,SALINA,KS,STANDARD
77073,596,20,M,artist,1997,HOUSTON,TX,STANDARD
83709,455,48,M,administrator,1969,BOISE,ID,STANDARD
10022,358,40,M,educator,1977,NEW YORK,NY,STANDARD
10022,559,69,M,executive,1948,NEW YORK,NY,STANDARD
46260,44,26,M,technician,1991,INDIANAPOLIS,IN,STANDARD
46260,56,25,M,librarian,1992,INDIANAPOLIS,IN,STANDARD
63304,690,35,M,salesman,1982,SAINT CHARLES,MO,STANDARD
01720,208,43,M,engineer,1974,ACTON,MA,STANDARD
01720,329,48,M,educator,1969,ACTON,MA,STANDARD
31404,242,33,M,educator,1984,SAVANNAH,GA,STANDARD
33884,182,36,M,programmer,1981,WINTER HAVEN,FL,STANDARD
33884,330,35,F,educator,1982,WINTER HAVEN,FL,STANDARD
04988,855,53,M,librarian,1964,UNITY,ME,STANDARD
20015,126,28,F,lawyer,1989,WASHINGTON,DC,STANDARD
20910,144,53,M,programmer,1964,SILVER SPRING,MD,STANDARD
29201,459,22,M,student,1995,COLUMBIA,SC,STANDARD
55423,109,29,M,other,1988,MINNEAPOLIS,MN,STANDARD
90036,775,46,M,executive,1971,LOS ANGELES,CA,STANDARD
99835,677,20,M,other,1997,SITKA,AK,STANDARD
63129,99,20,M,student,1997,SAINT LOUIS,MO,STANDARD
94403,723,26,M,executive,1991,SAN MATEO,CA,STANDARD
98620,787,18,F,student,1999,GOLDENDALE,WA,STANDARD
07204,713,42,F,other,1975,ROSELLE PARK,NJ,STANDARD
11753,924,29,M,other,1988,JERICHO,NY,STANDARD
15217,286,27,M,student,1990,PITTSBURGH,PA,STANDARD
54901,712,22,F,student,1995,OSHKOSH,WI,STANDARD
94115,664,30,M,engineer,1987,SAN FRANCISCO,CA,STANDARD
17110,115,31,M,engineer,1986,HARRISBURG,PA,STANDARD
43221,386,36,M,salesman,1981,COLUMBUS,OH,STANDARD
53706,272,33,M,scientist,1984,MADISON,WI,STANDARD
53706,758,27,M,student,1990,MADISON,WI,STANDARD
11787,604,39,M,educator,1978,SMITHTOWN,NY,STANDARD
85258,427,51,M,doctor,1966,SCOTTSDALE,AZ,STANDARD
96754,699,44,M,other,1973,KILAUEA,HI,STANDARD
10707,95,31,M,administrator,1986,TUCKAHOE,NY,STANDARD
11101,327,22,M,student,1995,LONG ISLAND CITY,NY,STANDARD
30093,343,43,M,engineer,1974,NORCROSS,GA,STANDARD
33066,765,31,M,student,1986,POMPANO BEACH,FL,STANDARD
41850,73,24,M,student,1993,,,
48823,259,21,M,student,1996,EAST LANSING,MI,STANDARD
08105,914,44,F,other,1973,CAMDEN,NJ,STANDARD
19807,626,23,M,scientist,1994,WILMINGTON,DE,STANDARD
55409,479,30,M,educator,1987,MINNEAPOLIS,MN,STANDARD
55409,685,32,F,librarian,1985,MINNEAPOLIS,MN,STANDARD
55409,837,36,F,artist,1981,MINNEAPOLIS,MN,STANDARD
16801,187,26,M,educator,1991,STATE COLLEGE,PA,STANDARD
42647,254,44,M,educator,1973,STEARNS,KY,STANDARD
60067,70,27,M,engineer,1990,PALATINE,IL,STANDARD
87544,472,24,M,student,1993,LOS ALAMOS,NM,STANDARD
15213,5,33,F,other,1984,PITTSBURGH,PA,STANDARD
18053,692,34,M,engineer,1983,GERMANSVILLE,PA,STANDARD
01915,568,39,M,educator,1978,BEVERLY,MA,STANDARD
15237,131,59,F,administrator,1958,PITTSBURGH,PA,STANDARD
27249,887,14,F,student,2003,GIBSONVILLE,NC,STANDARD
47130,846,27,M,lawyer,1990,JEFFERSONVILLE,IN,STANDARD
48118,65,51,F,educator,1966,CHELSEA,MI,STANDARD
48118,142,13,M,other,2004,CHELSEA,MI,STANDARD
15232,771,26,M,student,1991,PITTSBURGH,PA,STANDARD
55345,213,33,M,executive,1984,MINNETONKA,MN,STANDARD
55412,665,25,M,administrator,1992,MINNEAPOLIS,MN,STANDARD
66215,160,27,M,programmer,1990,LENEXA,KS,STANDARD
97232,116,40,M,healthcare,1977,PORTLAND,OR,STANDARD
01002,9,29,M,student,1988,AMHERST,MA,STANDARD
37411,367,17,M,student,2000,CHATTANOOGA,TN,STANDARD
84604,391,23,M,student,1994,PROVO,UT,STANDARD
12180,527,33,M,librarian,1984,TROY,NY,STANDARD
31909,595,25,M,programmer,1992,COLUMBUS,GA,STANDARD
37212,18,35,F,other,1982,NASHVILLE,TN,STANDARD
57197,794,32,M,educator,1985,SIOUX FALLS,SD,UNIQUE
98257,480,57,M,retired,1960,LA CONNER,WA,STANDARD
06365,694,60,M,programmer,1957,PRESTON,CT,STANDARD
22904,68,19,M,student,1998,CHARLOTTESVILLE,VA,STANDARD
29678,613,37,F,marketing,1980,SENECA,SC,STANDARD
43204,438,51,F,administrator,1966,COLUMBUS,OH,STANDARD
60614,915,50,M,entertainment,1967,CHICAGO,IL,STANDARD
76111,49,23,F,student,1994,FORT WORTH,TX,STANDARD
78212,413,55,M,educator,1962,SAN ANTONIO,TX,STANDARD
78212,803,70,M,administrator,1947,SAN ANTONIO,TX,STANDARD
89801,260,40,F,artist,1977,ELKO,NV,STANDARD
91351,648,43,M,engineer,1974,CANYON COUNTRY,CA,STANDARD
42141,34,38,F,administrator,1979,GLASGOW,KY,STANDARD
60008,398,40,M,other,1977,ROLLING MEADOWS,IL,STANDARD
77380,660,26,M,student,1991,SPRING,TX,STANDARD
82435,590,50,M,educator,1967,POWELL,WY,STANDARD
40205,819,59,M,administrator,1958,LOUISVILLE,KY,STANDARD
63044,606,28,M,programmer,1989,BRIDGETON,MO,STANDARD
75006,499,42,M,programmer,1975,CARROLLTON,TX,STANDARD
81648,620,18,F,writer,1999,RANGELY,CO,STANDARD
94583,464,60,M,writer,1957,SAN RAMON,CA,STANDARD
10309,16,21,M,entertainment,1996,STATEN ISLAND,NY,STANDARD
14534,547,50,M,educator,1967,PITTSFORD,NY,STANDARD
20879,562,54,F,administrator,1963,GAITHERSBURG,MD,STANDARD
21218,81,21,M,student,1996,BALTIMORE,MD,STANDARD
21218,181,26,M,executive,1991,BALTIMORE,MD,STANDARD
33765,831,21,M,other,1996,CLEARWATER,FL,STANDARD
37412,387,33,M,entertainment,1984,CHATTANOOGA,TN,STANDARD
84408,137,50,M,educator,1967,OGDEN,UT,UNIQUE
20770,247,28,M,engineer,1989,GREENBELT,MD,STANDARD
23227,555,29,F,educator,1988,RICHMOND,VA,STANDARD
27514,40,38,M,scientist,1979,CHAPEL HILL,NC,STANDARD
27514,397,17,M,student,2000,CHAPEL HILL,NC,STANDARD
27514,503,50,F,writer,1967,CHAPEL HILL,NC,STANDARD
27514,818,28,M,librarian,1989,CHAPEL HILL,NC,STANDARD
92064,275,38,M,engineer,1979,POWAY,CA,STANDARD
22906,673,51,M,educator,1966,CHARLOTTESVILLE,VA,PO BOX
49508,515,53,M,marketing,1964,GRAND RAPIDS,MI,STANDARD
59717,338,39,F,librarian,1978,BOZEMAN,MT,PO BOX
95110,250,29,M,executive,1988,SAN JOSE,CA,STANDARD
20657,505,27,F,other,1990,LUSBY,MD,STANDARD
44134,619,17,M,student,2000,CLEVELAND,OH,STANDARD
02140,420,53,M,educator,1964,CAMBRIDGE,MA,STANDARD
32789,936,24,M,other,1993,WINTER PARK,FL,STANDARD
21010,538,31,M,scientist,1986,GUNPOWDER,MD,STANDARD
50233,45,29,M,programmer,1988,REDFIELD,IA,STANDARD
70403,731,41,F,educator,1976,HAMMOND,LA,STANDARD
05464,534,20,M,student,1997,JEFFERSONVILLE,VT,STANDARD
28480,353,25,M,scientist,1992,WRIGHTSVILLE BEACH,NC,STANDARD
44648,871,31,M,executive,1986,MASSILLON,OH,PO BOX
75094,197,55,M,technician,1962,PLANO,TX,STANDARD
79508,586,20,M,student,1997,BUFFALO GAP,TX,STANDARD
97208,681,44,F,marketing,1973,PORTLAND,OR,PO BOX
78746,374,36,M,executive,1981,AUSTIN,TX,STANDARD
97203,902,45,F,artist,1972,PORTLAND,OR,STANDARD
53210,911,37,F,writer,1980,MILWAUKEE,WI,STANDARD
53713,285,25,M,programmer,1992,MADISON,WI,STANDARD
60515,542,21,M,student,1996,DOWNERS GROVE,IL,STANDARD
84601,265,26,M,executive,1991,PROVO,UT,STANDARD
11238,721,24,F,entertainment,1993,BROOKLYN,NY,STANDARD
15222,412,25,M,educator,1992,PITTSBURGH,PA,STANDARD
20008,123,48,F,artist,1969,WASHINGTON,DC,STANDARD
60007,435,24,M,engineer,1993,ELK GROVE VILLAGE,IL,STANDARD
14850,622,25,M,programmer,1992,ITHACA,NY,STANDARD
19047,746,25,M,engineer,1992,LANGHORNE,PA,STANDARD
60466,107,39,M,scientist,1978,PARK FOREST,IL,STANDARD
02215,76,20,M,student,1997,BOSTON,MA,STANDARD
02215,216,22,M,engineer,1995,BOSTON,MA,STANDARD
02215,940,32,M,administrator,1985,BOSTON,MA,STANDARD
55108,103,26,M,student,1991,SAINT PAUL,MN,STANDARD
55108,104,27,M,student,1990,SAINT PAUL,MN,STANDARD
55108,404,29,F,programmer,1988,SAINT PAUL,MN,STANDARD
70124,906,45,M,librarian,1972,NEW ORLEANS,LA,STANDARD
